id,name,created_at,updated_at
1,Reichert-Gibson,2021-03-01 08:47:32,2021-03-01 08:47:32
2,"Witting, Pouros and Zieme",2021-03-01 08:47:32,2021-03-01 08:47:32
3,Lueilwitz Ltd,2021-03-01 08:47:32,2021-03-01 08:47:32
4,Bergnaum-Veum,2021-03-01 08:47:32,2021-03-01 08:47:32
5,Deckow-Bergstrom,2021-03-01 08:47:32,2021-03-01 08:47:32
6,Bode-Nolan,2021-03-01 08:47:32,2021-03-01 08:47:32
7,Gottlieb-Parker,2021-03-01 08:47:32,2021-03-01 08:47:32
8,Kuhlman-Zboncak,2021-03-01 08:47:32,2021-03-01 08:47:32
9,"Green, Heidenreich and Corkery",2021-03-01 08:47:32,2021-03-01 08:47:32
10,Mante-Murphy,2021-03-01 08:47:32,2021-03-01 08:47:32
11,Kassulke and Sons,2021-03-01 08:47:32,2021-03-01 08:47:32
12,Homenick Ltd,2021-03-01 08:47:32,2021-03-01 08:47:32
13,Corwin and Sons,2021-03-01 08:47:32,2021-03-01 08:47:32
14,Rogahn Inc,2021-03-01 08:47:32,2021-03-01 08:47:32
15,Kovacek-Gleason,2021-03-01 08:47:32,2021-03-01 08:47:32
16,"Grant, Swift and Runolfsson",2021-03-01 08:47:32,2021-03-01 08:47:32
17,"Corkery, Moen and Fay",2021-03-01 08:47:32,2021-03-01 08:47:32
18,Rohan LLC,2021-03-01 08:47:32,2021-03-01 08:47:32
19,Steuber Ltd,2021-03-01 08:47:32,2021-03-01 08:47:32
20,"Kozey, Larson and Christiansen",2021-03-01 08:47:32,2021-03-01 08:47:32
